Asset Bucket,Disclosed / underlying assets,Indicative gross asset weight,Recovery distribution,Recovery low,Recovery mode,Recovery high,Orderly sale timing distribution,Timing low yrs,Timing mode yrs,Timing high yrs,Systematic beta,Idio sigma,Validation confidence,Saleability,Core NAV risk,Notes,Primary source,weight_norm
Driva / Värtan Gas,Stockholm gas distribution network; Värtan Gas / Driva entities,0.088,beta_pert,0.85,0.95,1.05,beta_pert,0.5,1.25,2.5,0.4,0.1,Medium-high,High / medium-high,"Local gas-volume resilience, regulatory model, green-gas economics, buyer perception of gas-distribution terminal value.","Cleanest remaining NAV-validation candidate, but not an easy sale; local Swedish regulatory/volume risks matter.",https://www.seitplc.com/wp-content/uploads/2025/06/SEIT-AR25-Web.pdf,0.088
Oliva Spanish Cogeneration,Celinares; Colinares; Cepuente; Cepalo; Sedebisa; Bipuge; La Roda; Celvi; Biolinares,0.069,beta_pert,0.8,0.9,1.0,beta_pert,0.5,1.25,2.5,0.5,0.12,Medium,Medium-high,"Gas-fired CHP / brown-asset discount, regulatory remuneration, gas-cost pass-through, decarbonisation risk.","Cash-generative and disclosed as debt-free at project level, but CHP/gas exposure may cap buyer enthusiasm.",https://www.seitplc.com/wp-content/uploads/2025/06/SEIT-AR25-Web.pdf,0.069
Onyx operating portfolios,SM III; Janus II; CTAZ; Obsidian I,0.211,beta_pert,0.8,0.92,1.05,beta_pert,0.5,1.25,2.25,0.7,0.14,Medium,Medium-high if split,"Tax equity, change-of-control consents, ITC recapture, C&I offtaker credit dispersion, asset granularity.",Should be modelled separately from Onyx development/platform value; likely the more financeable/saleable part of Onyx.,https://www.seitplc.com/wp-content/uploads/2025/06/SEIT-AR25-Web.pdf,0.211
Onyx development / platform value,Obsidian II; GAF; Nova; Onyx development platform,0.113,beta_pert,0.6,0.8,1.0,beta_pert,1.0,2.0,3.5,1.0,0.25,Low-medium,Medium / lower,"Construction-stage capex, interconnection delays, tax equity availability, development pipeline haircut, platform overhead.",Likely where Onyx liquidation leakage is concentrated; recovery assumptions should be stressed heavily.,https://www.seitplc.com/wp-content/uploads/2025/06/SEIT-AR25-Web.pdf,0.113
RED-Rochester,Eastman Business Park district energy system,0.22,beta_pert,0.75,0.88,1.0,beta_pert,1.0,2.0,4.0,0.7,0.2,Medium-low,Medium,"Customer concentration, contract duration, tariff renegotiation, environmental liabilities, capex, tenant demand at Eastman Business Park.","High-information-asymmetry asset; could be valuable if contracts are essential/inflation-linked, but haircut risk is material.",https://www.seitplc.com/wp-content/uploads/2025/06/SEIT-AR25-Web.pdf,0.22
Primary Energy,Cokenergy; North Lake; Portside; PCI Associates; Ironside,0.249,beta_pert,0.75,0.85,1.0,beta_pert,1.5,2.75,5.0,0.9,0.25,Low,Low-medium,"Host dependency, steel-sector exposure, recontracting risk, limited buyer universe, host-buyer bargaining power.","Key swing asset. If Primary clears at modest discount, equity case likely works; deep haircut or host lowball may justify discount.",https://www.seitplc.com/wp-content/uploads/2025/06/SEIT-AR25-Web.pdf,0.249
Zood / EV Networks,29 operational ultra-fast EV charging sites,0.028,beta_pert,0.5,0.75,0.95,beta_pert,0.5,1.5,3.0,1.2,0.3,Low-medium,Medium,"Utilisation, grid connections, lease terms, uptime, local competition, follow-on capex.",Saleable sector but NAV confidence low; treat as growth/development-like unless site economics are disclosed.,https://www.seitplc.com/wp-content/uploads/2025/06/SEIT-AR25-Web.pdf,0.028
Huntsman Energy Centre,Steam services / industrial energy centre for Huntsman Polyurethanes,0.009,beta_pert,0.25,0.5,0.8,beta_pert,0.75,2.0,4.0,1.0,0.35,Low,Low,"Technical/contractual issues, host dependency, small buyer pool.",Likely nuisance asset / bilateral solution candidate; small weight but high haircut risk.,https://www.seitplc.com/wp-content/uploads/2025/06/SEIT-AR25-Web.pdf,0.009
Other residual / legacy,Small residual/minority/legacy investments not separately modelled,0.013,beta_pert,0.25,0.6,0.9,beta_pert,1.0,2.5,5.0,1.0,0.35,Low,Low,"Opaque residual positions, costs of exit, uncertain buyer universe.",Placeholder bucket; replace with specific holdings if disclosed.,Assumption,0.013
